{
    "name": "root",
    "gauges": {
        "KartAgent.Policy.Entropy.mean": {
            "value": 0.3616974651813507,
            "min": 0.2866303324699402,
            "max": 1.4189382791519165,
            "count": 780
        },
        "KartAgent.Policy.Entropy.sum": {
            "value": 4522.6650390625,
            "min": 903.302734375,
            "max": 30819.33984375,
            "count": 780
        },
        "KartAgent.Environment.EpisodeLength.mean": {
            "value": 181.95454545454547,
            "min": 181.6865671641791,
            "max": 1543.8181818181818,
            "count": 780
        },
        "KartAgent.Environment.EpisodeLength.sum": {
            "value": 12009.0,
            "min": 550.0,
            "max": 21427.0,
            "count": 780
        },
        "KartAgent.Step.mean": {
            "value": 9359917.0,
            "min": 11865.0,
            "max": 9359917.0,
            "count": 780
        },
        "KartAgent.Step.sum": {
            "value": 9359917.0,
            "min": 11865.0,
            "max": 9359917.0,
            "count": 780
        },
        "KartAgent.Policy.ExtrinsicValueEstimate.mean": {
            "value": 0.30822134017944336,
            "min": -0.22822515666484833,
            "max": 0.3089055120944977,
            "count": 780
        },
        "KartAgent.Policy.ExtrinsicValueEstimate.sum": {
            "value": 20.342607498168945,
            "min": -4.320749282836914,
            "max": 20.342607498168945,
            "count": 780
        },
        "KartAgent.Environment.CumulativeReward.mean": {
            "value": 0.7971666798447118,
            "min": -2.281736229856809,
            "max": 0.797530325976285,
            "count": 780
        },
        "KartAgent.Environment.CumulativeReward.sum": {
            "value": 52.61300086975098,
            "min": -35.46883410215378,
            "max": 52.637001514434814,
            "count": 780
        },
        "KartAgent.Policy.ExtrinsicReward.mean": {
            "value": 0.7971666798447118,
            "min": -2.281736229856809,
            "max": 0.797530325976285,
            "count": 780
        },
        "KartAgent.Policy.ExtrinsicReward.sum": {
            "value": 52.61300086975098,
            "min": -35.46883410215378,
            "max": 52.637001514434814,
            "count": 780
        },
        "KartAgent.IsTraining.mean": {
            "value": 1.0,
            "min": 1.0,
            "max": 1.0,
            "count": 780
        },
        "KartAgent.IsTraining.sum": {
            "value": 1.0,
            "min": 1.0,
            "max": 1.0,
            "count": 780
        },
        "KartAgent.Losses.PolicyLoss.mean": {
            "value": 0.06633801600430161,
            "min": 0.057173492652617654,
            "max": 0.10333627009012465,
            "count": 765
        },
        "KartAgent.Losses.PolicyLoss.sum": {
            "value": 0.06633801600430161,
            "min": 0.057173492652617654,
            "max": 0.10333627009012465,
            "count": 765
        },
        "KartAgent.Losses.ValueLoss.mean": {
            "value": 8.722253883206576e-06,
            "min": 5.750126049083714e-06,
            "max": 0.027333910497977877,
            "count": 765
        },
        "KartAgent.Losses.ValueLoss.sum": {
            "value": 8.722253883206576e-06,
            "min": 5.750126049083714e-06,
            "max": 0.027333910497977877,
            "count": 765
        },
        "KartAgent.Policy.LearningRate.mean": {
            "value": 0.00029439030726989817,
            "min": 0.00029439030726989817,
            "max": 0.00029999206920264357,
            "count": 765
        },
        "KartAgent.Policy.LearningRate.sum": {
            "value": 0.00029439030726989817,
            "min": 0.00029439030726989817,
            "max": 0.00029999206920264357,
            "count": 765
        },
        "KartAgent.Policy.Epsilon.mean": {
            "value": 0.1981301018,
            "min": 0.1981301018,
            "max": 0.1999973564,
            "count": 765
        },
        "KartAgent.Policy.Epsilon.sum": {
            "value": 0.1981301018,
            "min": 0.1981301018,
            "max": 0.1999973564,
            "count": 765
        },
        "KartAgent.Policy.Beta.mean": {
            "value": 0.0009814880078200003,
            "min": 0.0009814880078200003,
            "max": 0.00099997382836,
            "count": 765
        },
        "KartAgent.Policy.Beta.sum": {
            "value": 0.0009814880078200003,
            "min": 0.0009814880078200003,
            "max": 0.00099997382836,
            "count": 765
        }
    },
    "metadata": {
        "timer_format_version": "0.1.0",
        "start_time_seconds": "1718208958",
        "python_version": "3.10.4 (tags/v3.10.4:9d38120, Mar 23 2022, 23:13:41) [MSC v.1929 64 bit (AMD64)]",
        "command_line_arguments": "C:\\Users\\fabga\\AppData\\Local\\Programs\\Python\\Python310\\Scripts\\mlagents-learn .\\Kart Agent.yaml --run-id=AI-Racing-Karts_4 --env=C:\\Users\\fabga\\Documents\\Unity\\AI-Racing-Karts\\Builds\\RacingDemo.exe --time-scale=5 --quality-level=0 --width=1024 --height=512",
        "mlagents_version": "1.0.0",
        "mlagents_envs_version": "1.0.0",
        "communication_protocol_version": "1.5.0",
        "pytorch_version": "2.3.1+cpu",
        "numpy_version": "1.21.2",
        "end_time_seconds": "1718217550"
    },
    "total": 8592.333784599905,
    "count": 1,
    "self": 0.5929143999237567,
    "children": {
        "run_training.setup": {
            "total": 0.13567790004890412,
            "count": 1,
            "self": 0.13567790004890412
        },
        "TrainerController.start_learning": {
            "total": 8591.605192299932,
            "count": 1,
            "self": 14.059694501920603,
            "children": {
                "TrainerController._reset_env": {
                    "total": 12.643291699932888,
                    "count": 1,
                    "self": 12.643291699932888
                },
                "TrainerController.advance": {
                    "total": 8564.836126898066,
                    "count": 416640,
                    "self": 7.205596428597346,
                    "children": {
                        "env_step": {
                            "total": 8557.630530469469,
                            "count": 416640,
                            "self": 6885.78572394175,
                            "children": {
                                "SubprocessEnvManager._take_step": {
                                    "total": 1664.9265275431098,
                                    "count": 416640,
                                    "self": 40.38029349630233,
                                    "children": {
                                        "TorchPolicy.evaluate": {
                                            "total": 1624.5462340468075,
                                            "count": 390578,
                                            "self": 1624.5462340468075
                                        }
                                    }
                                },
                                "workers": {
                                    "total": 6.91827898460906,
                                    "count": 416639,
                                    "self": 0.0,
                                    "children": {
                                        "worker_root": {
                                            "total": 8564.931120971916,
                                            "count": 416639,
                                            "is_parallel": true,
                                            "self": 4407.333459601388,