{
    "name": "root",
    "gauges": {
        "KartAgent.Policy.Entropy.mean": {
            "value": 1.4157001972198486,
            "min": 1.4157001972198486,
            "max": 1.4189382791519165,
            "count": 2
        },
        "KartAgent.Policy.Entropy.sum": {
            "value": 17022.37890625,
            "min": 17022.37890625,
            "max": 28980.39453125,
            "count": 2
        },
        "KartAgent.Environment.EpisodeLength.mean": {
            "value": 556.3636363636364,
            "min": 556.3636363636364,
            "max": 603.35,
            "count": 2
        },
        "KartAgent.Environment.EpisodeLength.sum": {
            "value": 12240.0,
            "min": 12067.0,
            "max": 12240.0,
            "count": 2
        },
        "KartAgent.Step.mean": {
            "value": 23899.0,
            "min": 11236.0,
            "max": 23899.0,
            "count": 2
        },
        "KartAgent.Step.sum": {
            "value": 23899.0,
            "min": 11236.0,
            "max": 23899.0,
            "count": 2
        },
        "KartAgent.Policy.ExtrinsicValueEstimate.mean": {
            "value": -0.008902574889361858,
            "min": -0.029278839007019997,
            "max": -0.008902574889361858,
            "count": 2
        },
        "KartAgent.Policy.ExtrinsicValueEstimate.sum": {
            "value": -0.20475922524929047,
            "min": -0.5562979578971863,
            "max": -0.20475922524929047,
            "count": 2
        },
        "KartAgent.Environment.CumulativeReward.mean": {
            "value": -1.5556515130129727,
            "min": -1.558570190479881,
            "max": -1.5556515130129727,
            "count": 2
        },
        "KartAgent.Environment.CumulativeReward.sum": {
            "value": -34.2243332862854,
            "min": -34.2243332862854,
            "max": -29.612833619117737,
            "count": 2
        },
        "KartAgent.Policy.ExtrinsicReward.mean": {
            "value": -1.5556515130129727,
            "min": -1.558570190479881,
            "max": -1.5556515130129727,
            "count": 2
        },
        "KartAgent.Policy.ExtrinsicReward.sum": {
            "value": -34.2243332862854,
            "min": -34.2243332862854,
            "max": -29.612833619117737,
            "count": 2
        },
        "KartAgent.IsTraining.mean": {
            "value": 1.0,
            "min": 1.0,
            "max": 1.0,
            "count": 2
        },
        "KartAgent.IsTraining.sum": {
            "value": 1.0,
            "min": 1.0,
            "max": 1.0,
            "count": 2
        },
        "KartAgent.Losses.PolicyLoss.mean": {
            "value": 0.06741005949511115,
            "min": 0.06741005949511115,
            "max": 0.06741005949511115,
            "count": 1
        },
        "KartAgent.Losses.PolicyLoss.sum": {
            "value": 0.06741005949511115,
            "min": 0.06741005949511115,
            "max": 0.06741005949511115,
            "count": 1
        },
        "KartAgent.Losses.ValueLoss.mean": {
            "value": 0.021538157948913672,
            "min": 0.021538157948913672,
            "max": 0.021538157948913672,
            "count": 1
        },
        "KartAgent.Losses.ValueLoss.sum": {
            "value": 0.021538157948913672,
            "min": 0.021538157948913672,
            "max": 0.021538157948913672,
            "count": 1
        },
        "KartAgent.Policy.LearningRate.mean": {
            "value": 0.0002999927478024174,
            "min": 0.0002999927478024174,
            "max": 0.0002999927478024174,
            "count": 1
        },
        "KartAgent.Policy.LearningRate.sum": {
            "value": 0.0002999927478024174,
            "min": 0.0002999927478024174,
            "max": 0.0002999927478024174,
            "count": 1
        },
        "KartAgent.Policy.Epsilon.mean": {
            "value": 0.19999758259999997,
            "min": 0.19999758259999997,
            "max": 0.19999758259999997,
            "count": 1
        },
        "KartAgent.Policy.Epsilon.sum": {
            "value": 0.19999758259999997,
            "min": 0.19999758259999997,
            "max": 0.19999758259999997,
            "count": 1
        },
        "KartAgent.Policy.Beta.mean": {
            "value": 0.00099997606774,
            "min": 0.00099997606774,
            "max": 0.00099997606774,
            "count": 1
        },
        "KartAgent.Policy.Beta.sum": {
            "value": 0.00099997606774,
            "min": 0.00099997606774,
            "max": 0.00099997606774,
            "count": 1
        }
    },
    "metadata": {
        "timer_format_version": "0.1.0",
        "start_time_seconds": "1718187451",
        "python_version": "3.10.4 (tags/v3.10.4:9d38120, Mar 23 2022, 23:13:41) [MSC v.1929 64 bit (AMD64)]",
        "command_line_arguments": "C:\\Users\\fabga\\AppData\\Local\\Programs\\Python\\Python310\\Scripts\\mlagents-learn .\\Kart Agent.yaml --run-id=AI-Racing-Karts_2 --env=C:\\Users\\fabga\\Documents\\Unity\\AI-Racing-Karts\\Builds\\RacingDemo.exe --time-scale=5 --quality-level=0 --width=512 --height=512",
        "mlagents_version": "1.0.0",
        "mlagents_envs_version": "1.0.0",
        "communication_protocol_version": "1.5.0",
        "pytorch_version": "2.3.1+cpu",
        "numpy_version": "1.21.2",
        "end_time_seconds": "1718187490"
    },
    "total": 38.369176500011235,
    "count": 1,
    "self": 0.007143600145354867,
    "children": {
        "run_training.setup": {
            "total": 0.08995399996638298,
            "count": 1,
            "self": 0.08995399996638298
        },
        "TrainerController.start_learning": {
            "total": 38.2720788998995,
            "count": 1,
            "self": 0.2532367999665439,
            "children": {
                "TrainerController._reset_env": {
                    "total": 9.357009100029245,
                    "count": 1,
                    "self": 9.357009100029245
                },
                "TrainerController.advance": {
                    "total": 28.53299359988887,
                    "count": 1800,
                    "self": 0.027065100031904876,
                    "children": {
                        "env_step": {
                            "total": 28.505928499856964,
                            "count": 1800,
                            "self": 22.497701701824553,
                            "children": {
                                "SubprocessEnvManager._take_step": {
                                    "total": 5.979977499693632,
                                    "count": 1800,
                                    "self": 0.14508649858180434,
                                    "children": {
                                        "TorchPolicy.evaluate": {
                                            "total": 5.834891001111828,
                                            "count": 1757,
                                            "self": 5.834891001111828
                                        }
                                    }
                                },
                                "workers": {
                                    "total": 0.028249298338778317,
                                    "count": 1799,
                                    "self": 0.0,
                                    "children": {
                                        "worker_root": {
                                            "total": 30.051262302324176,
                                            "count": 1799,
                                            "is_parallel": true,
                                            "self": 13.751481803134084,
                                            "children": {
                                                "steps_from_proto": {
                                                    "total": 0.000664199935272336,